{"stat.useItem.minecraft.end_bricks":1,"stat.useItem.minecraft.splash_potion":9,"stat.useItem.minecraft.painting":33,"stat.useItem.minecraft.stone":39,"stat.horseOneCm":32458,"stat.useItem.minecraft.quartz_stairs":14,"stat.leaveGame":2,"stat.useItem.minecraft.soul_sand":18,"stat.useItem.minecraft.carpet":7,"stat.useItem.minecraft.stained_glass_pane":35,"stat.useItem.minecraft.packed_ice":29,"stat.jump":475,"stat.swimOneCm":10123,"stat.useItem.minecraft.snow":162,"stat.fallOneCm":267,"achievement.buildWorkBench":2,"stat.crouchOneCm":5385,"stat.useItem.minecraft.dirt":277,"achievement.exploreAllBiomes":{"value":0,"progress":["Plains"]},"stat.useItem.minecraft.water_bucket":4,"stat.craftingTableInteraction":5,"stat.craftItem.minecraft.golden_apple":1,"stat.pickup.minecraft.splash_potion":1,"stat.damageTaken":320,"stat.craftItem.minecraft.stone_pickaxe":1,"stat.aviateOneCm":88970,"stat.flyOneCm":1969413,"achievement.buildPickaxe":4,"stat.useItem.minecraft.magma":1,"stat.pickup.minecraft.lead":25,"stat.damageDealt":210,"achievement.buildBetterPickaxe":2,"stat.useItem.minecraft.wool":188,"stat.timeSinceDeath":29578,"stat.useItem.minecraft.crafting_table":1,"stat.useItem.minecraft.spawn_egg":27,"stat.craftItem.minecraft.wooden_pickaxe":1,"stat.useItem.minecraft.iron_bars":66,"stat.walkOneCm":150733,"stat.useItem.minecraft.torch":6,"stat.pickup.minecraft.magma":2,"stat.useItem.minecraft.cobblestone":17,"stat.craftItem.minecraft.crafting_table":1,"stat.pickup.minecraft.log":65,"stat.useItem.minecraft.milk_bucket":1,"stat.useItem.minecraft.sea_lantern":12,"stat.craftItem.minecraft.gold_ingot":9,"achievement.mineWood":2,"stat.useItem.minecraft.stained_hardened_clay":123,"stat.sprintOneCm":48495,"stat.useItem.minecraft.fence":22,"stat.craftItem.minecraft.stick":4,"stat.useItem.minecraft.stone_slab":115,"achievement.openInventory":56,"stat.craftItem.minecraft.planks":260,"stat.useItem.minecraft.flint_and_steel":315,"stat.useItem.minecraft.lingering_potion":163,"stat.mobKills":1,"stat.useItem.minecraft.wooden_door":8,"stat.useItem.minecraft.golden_apple":2,"stat.deaths":1,"stat.playOneMinute":101747,"stat.useItem.minecraft.purpur_block":1,"stat.sneakTime":5285,"stat.diveOneCm":2654,"stat.useItem.minecraft.web":84}