{"stat.useItem.minecraft.iron_bars":1,"stat.walkOneCm":31222,"stat.useItem.minecraft.stone_slab":32,"stat.useItem.minecraft.quartz_block":54,"achievement.openInventory":6,"stat.leaveGame":5,"stat.damageTaken":280,"stat.useItem.minecraft.lava_bucket":1846,"stat.flyOneCm":2166344,"stat.deaths":2,"stat.jump":236,"stat.swimOneCm":2390,"stat.useItem.minecraft.snow":1,"stat.playOneMinute":93386,"stat.useItem.minecraft.planks":1,"stat.sneakTime":2974,"stat.crouchOneCm":1732,"stat.useItem.minecraft.wool":54,"stat.timeSinceDeath":29330,"stat.useItem.minecraft.stained_hardened_clay":40,"stat.useItem.minecraft.dirt":5,"stat.sprintOneCm":19774,"achievement.exploreAllBiomes":{"value":0,"progress":["Plains"]},"stat.diveOneCm":4894}