{"stat.useItem.minecraft.command_block":1,"stat.useItem.minecraft.splash_potion":43,"stat.walkOneCm":65010,"stat.useItem.minecraft.quartz_block":41,"stat.useItem.minecraft.stone":6,"stat.useItem.minecraft.repeater":3,"stat.leaveGame":2,"stat.useItem.minecraft.glowstone":198,"stat.useItem.minecraft.end_stone":3,"stat.jump":164,"stat.swimOneCm":20891,"stat.useItem.minecraft.planks":195,"stat.useItem.minecraft.end_rod":13,"stat.useItem.minecraft.redstone":4,"stat.useItem.minecraft.milk_bucket":1,"stat.crouchOneCm":3853,"stat.sprintOneCm":19968,"achievement.exploreAllBiomes":{"value":0,"progress":["Plains"]},"stat.useItem.minecraft.water_bucket":24,"stat.useItem.minecraft.stone_slab":3,"stat.boatOneCm":13034,"stat.pickup.minecraft.splash_potion":1,"achievement.openInventory":11,"stat.useItem.minecraft.lingering_potion":320,"stat.useItem.minecraft.acacia_door":1,"stat.flyOneCm":576281,"stat.useItem.minecraft.boat":2,"stat.deaths":3,"stat.playOneMinute":65750,"stat.sneakTime":1788,"stat.timeSinceDeath":3299,"stat.useItem.minecraft.wooden_slab":3,"stat.diveOneCm":11268}