{"stat.useItem.minecraft.command_block":1,"stat.walkOneCm":7524,"stat.pickup.minecraft.lingering_potion":1,"stat.useItem.minecraft.quartz_block":14,"stat.pickup.minecraft.command_block":2,"stat.pickup.minecraft.splash_potion":1,"achievement.openInventory":3,"stat.pickup.minecraft.redstone_torch":1,"stat.pickup.minecraft.repeater":1,"stat.leaveGame":1,"stat.pickup.minecraft.planks":1,"stat.flyOneCm":192254,"stat.deaths":2,"stat.pickup.minecraft.water_bucket":1,"stat.pickup.minecraft.quartz_block":2,"stat.swimOneCm":3297,"stat.jump":132,"stat.playOneMinute":12000,"stat.pickup.minecraft.glowstone":1,"stat.sneakTime":121,"stat.pickup.minecraft.redstone":1,"stat.timeSinceDeath":3400,"stat.sprintOneCm":11899,"achievement.exploreAllBiomes":{"value":0,"progress":["Plains"]},"stat.useItem.minecraft.water_bucket":53}