{"stat.walkOneCm":32226,"stat.useItem.minecraft.quartz_block":318,"stat.useItem.minecraft.stone":42,"stat.useItem.minecraft.quartz_stairs":15,"stat.pickup.minecraft.structure_block":1,"stat.leaveGame":2,"stat.useItem.minecraft.stained_glass_pane":36,"stat.useItem.minecraft.glowstone":10,"stat.jump":191,"stat.useItem.minecraft.planks":12,"stat.useItem.minecraft.sea_lantern":1,"stat.crouchOneCm":3594,"stat.useItem.minecraft.dirt":15,"stat.sprintOneCm":14978,"achievement.exploreAllBiomes":{"value":0,"progress":["Plains"]},"stat.useItem.minecraft.stone_slab":4,"achievement.openInventory":21,"stat.useItem.minecraft.structure_block":4,"stat.useItem.minecraft.stone_brick_stairs":97,"stat.useItem.minecraft.stonebrick":269,"stat.aviateOneCm":208460,"stat.flyOneCm":521658,"stat.playOneMinute":50391,"stat.sneakTime":4310,"stat.useItem.minecraft.wool":5,"stat.timeSinceDeath":50391}