{"stat.flyOneCm":104277,"stat.walkOneCm":34739,"stat.drop":2,"stat.jump":265,"stat.drop.minecraft.stonebrick":1,"stat.playOneMinute":46947,"achievement.openInventory":6,"stat.leaveGame":1,"stat.sneakTime":923,"stat.useItem.minecraft.structure_block":38,"stat.pickup.minecraft.stonebrick":1,"stat.crouchOneCm":152,"stat.timeSinceDeath":46947,"stat.useItem.minecraft.dirt":9,"stat.sprintOneCm":7854,"stat.useItem.minecraft.stonebrick":18,"achievement.exploreAllBiomes":{"value":0,"progress":["Plains"]},"stat.aviateOneCm":11179,"stat.drop.minecraft.structure_block":1}