{"stat.walkOneCm":52998,"stat.useItem.minecraft.quartz_block":318,"stat.useItem.minecraft.stone":42,"stat.useItem.minecraft.quartz_stairs":15,"stat.pickup.minecraft.structure_block":1,"stat.leaveGame":3,"stat.drop.minecraft.wool":1,"stat.useItem.minecraft.stained_glass_pane":36,"stat.useItem.minecraft.glowstone":20,"stat.jump":195,"stat.useItem.minecraft.planks":12,"stat.useItem.minecraft.sea_lantern":1,"stat.crouchOneCm":3741,"stat.useItem.minecraft.dirt":15,"stat.sprintOneCm":16852,"achievement.exploreAllBiomes":{"value":0,"progress":["Sunflower Plains","Beach","Forest","River","Plains","Deep Ocean"]},"stat.useItem.minecraft.stone_slab":4,"achievement.openInventory":24,"stat.useItem.minecraft.structure_block":4,"stat.useItem.minecraft.stone_brick_stairs":97,"stat.useItem.minecraft.stonebrick":269,"stat.aviateOneCm":208460,"stat.pickup.minecraft.reeds":7,"stat.flyOneCm":632983,"stat.useItem.minecraft.cobblestone_wall":1,"stat.drop":1,"stat.playOneMinute":54423,"stat.sneakTime":4503,"stat.pickup.minecraft.wool":1,"stat.useItem.minecraft.wool":35,"stat.timeSinceDeath":54423}