{
    "parent": "item/handheld",
    "textures": {
        "layer0": "items/carrot_on_a_stick"
    },
    "overrides": [
        {"predicate": {"damage": 0.04},"model": "item/empty_PET"},
        {"predicate": {"damage": 0.08},"model": "item/full_PET"},
        {"predicate": {"damage": 0.12},"model": "item/pill"},
        {"predicate": {"damage": 0.16},"model": "item/rollbandage"},
        {"predicate": {"damage": 0.20},"model": "item/empty_syringe"},
        {"predicate": {"damage": 0.24},"model": "item/syringe_vaccine"},
        {"predicate": {"damage": 0.28},"model": "item/syringe_virus"},
        {"predicate": {"damage": 0.32},"model": "item/life_straw"}
        ]
}